code;pairCode;name;
"0001";;"3D tiskárna Profi3DMaker tryska ? 0,5mm / 3D Printer 0,5 mm";
"0002";;"3D tiskárna Profi3DMaker tryska ? 0,3mm / 3D Printer 0,3 mm";
"0003";;"3D tiskárna Profi3DMaker tryska ? 0,2mm / 3D Printer 0,2 mm";
"1001";;"3D tiskárna Easy3DMaker tryska ? 0,3mm èervená / 3D Printer";
"1002";;"3D tiskárna Easy3DMaker tryska ? 0,5mm èervená / 3D Printer";
"1003";;"3D tiskárna Easy3DMaker tryska ? 0,2mm èervená / 3D Printer";
"1005";;"3D tiskárna Easy3DMaker tryska ? 0,3mm èerná / 3D Printer";
"1006";;"3D tiskárna Easy3DMaker tryska ? 0,2mm èerná / 3D Printer";
"1007";;"3D tiskárna Easy3DMaker tryska ? 0,5mm èerná / 3D Printer";
